2019,11,07,21130,*,10,10,20490,20010,11383333.333333334,11116666.666666666,01,01
2019,11,07,21130,*,13,12,13438,14490,9705222.222222222,9660000,01,01
2019,11,07,21130,*,16,14,13490,14410,11991111.111111112,11207777.777777776,01,01
2019,11,07,21130,*,7,6,19080,20156,7420000,6718666.666666667,01,01
2019,11,07,21130,*,7,7,30100,30850,11705555.555555558,11997222.222222224,01,01
2019,11,07,21130,*,9,10,20098,20550,10049000,11416666.666666666,01,01
2019,11,07,21130,*,9,9,20700,20150,10350000,10075000,01,01
2019,11,07,23132,1,30,28,14770,13700,14770000,12786666.666666666,01,01
2019,21,04,21130,*,10,12,17160,17680,9533333.333333334,11786666.666666666,01,01
2019,21,04,21130,*,13,14,16380,17940,11830000,13953333.333333334,01,01
2019,21,04,23132,1,21,24,8610,9030,6027000,7224000,12,12
2019,21,04,23132,1,24,32,6330,3625,5064000,3866666.6666666665,12,12
2019,21,05,21130,*,12,11,10452,10640,6968000,6502222.222222221,12,12
2019,21,05,21130,*,12,12,17370,18160,11580000,12106666.666666666,01,01
2019,21,06,21130,*,13,10,17850,24780,12891666.666666666,13766666.666666666,01,01
2019,21,06,21130,*,14,14,16375,17290,12736111.11111111,13447777.777777776,01,01
2019,21,06,21130,*,15,14,13790,16500,11491666.666666666,12833333.333333334,01,01
2019,21,06,23132,1,28,27,7200,6230,6720000,5607000,02,02
2019,21,06,23132,1,29,32,6458,7458,6242733.333333332,7955200,12,12
2019,21,06,23132,1,39,36,9676,8710,12578800,10452000,01,01
2019,21,07,21130,*,12,12,18210,18150,12140000,12100000,01,01
2019,21,07,21130,*,17,16,16444,16167,15530444.444444442,14370666.666666666,01,01
2019,21,07,21130,*,9,8,23050,24540,11525000,10906666.666666666,01,01
2019,21,07,23132,1,23,25,11813,12218,9056633.333333332,10181666.666666666,01,01
2019,21,07,23132,1,26,32,8369,7100,7253133.333333332,7573333.333333333,01,01
2019,21,07,23132,1,38,35,7179,9228,9093400,10766000,01,01
2019,21,07,23132,1,42,37,5987,4180,8381800,5155333.333333333,01,02
2019,21,07,23132,1,43,49,7210,7848,10334333.333333334,12818400,01,01
2019,22,03,21130,*,18,20,21600,16800,21600000,18666666.666666668,01,01
2019,22,03,21130,*,9,8,20862,19020,10431000,8453333.333333334,01,01
2019,22,03,23132,1,21,23,11996,10432,8397200,7997866.666666668,01,01
2019,22,03,23132,1,44,47,2167,1675,3178266.6666666665,2624166.6666666665,12,12
2019,22,05,21130,*,10,11,6900,20500,3833333.3333333335,12527777.777777776,02,01
2019,22,05,21130,*,12,16,10425,13900,6950000,12355555.555555554,12,01
2019,22,05,23132,1,12,12,22580,21370,9032000,8548000,01,01
2019,22,05,23132,1,21,20,11800,9850,8260000,6566666.666666667,01,01
2019,22,06,21130,*,12,11,18500,19100,12333333.333333334,11672222.222222224,01,01
2019,22,06,21130,*,13,12,14600,14300,10544444.444444446,9533333.333333334,01,01
2019,22,06,21130,*,9,9,11118,11970,5559000,5985000,01,01
2019,22,06,23132,1,22,20,7690,4516,5639333.333333333,3010666.6666666665,12,12
2019,22,06,23132,1,25,27,6460,6210,5383333.333333333,5589000,01,01
2019,22,06,23132,1,26,28,11810,12010,10235333.333333334,11209333.333333334,01,01
2019,22,07,21130,*,12,12,17500,16620,11666666.666666666,11080000,01,01
2019,22,07,21130,*,8,8,27176,27053,12078222.222222222,12023555.555555554,01,01
2019,22,07,21130,*,9,8,25900,23500,12950000,10444444.444444444,01,01
2019,22,07,23132,1,16,14,7544,7568,4023466.6666666665,3531733.3333333326,09,09
2019,22,07,23132,1,21,22,7420,7250,5194000,5316666.666666667,01,01
2019,22,07,23132,1,26,27,11376,11021,9859200,9918899.999999998,01,01
2019,23,02,21130,*,14,15,15966,15894,12418000,13245000,01,01
2019,23,02,21130,*,15,14,14300,15600,11916666.666666666,12133333.333333334,01,01
2019,23,03,23132,1,26,26,14250,13600,12350000,11786666.666666666,01,01
2019,23,03,23132,1,27,26,11825,12980,10642500,11249333.333333334,01,01
2019,23,04,23132,1,17,17,20680,19750,11718666.666666666,11191666.666666666,01,01
2019,23,04,23132,1,28,28,14420,14220,13458666.666666666,13272000,01,01
2019,23,05,21130,*,12,12,17824,17742,11882666.666666666,11828000,01,01
2019,23,05,21130,*,12,12,19037,19000,12691333.333333334,12666666.666666666,01,01
2019,23,05,23132,1,16,17,20150,19530,10746666.666666666,11067000,01,01
2019,23,05,23132,1,28,28,12140,11930,11330666.666666666,11134666.666666666,01,01
2019,23,05,23132,2,156,150,2595,2577,6747000,6442500,01,01
2019,23,05,23132,2,95,110,3662,3699,5798166.666666667,6781500,01,01
2019,23,06,21130,*,11,10,20920,20780,12784444.444444442,11544444.444444446,01,01
2019,23,06,21130,*,11,11,20332,21615,12425111.11111111,13209166.666666666,01,01
2019,23,06,21130,*,12,11,17507,16992,11671333.333333334,10384000,01,01
2019,23,06,21130,*,12,12,16600,15800,11066666.666666666,10533333.333333334,01,01
2019,23,06,21130,*,14,14,15400,15400,11977777.777777776,11977777.777777776,01,01
2019,23,06,23132,1,25,25,12840,12520,10700000,10433333.333333334,01,01
2019,23,06,23132,1,25,30,14618,10230,12181666.666666666,10230000,01,01
2019,23,06,23132,1,26,28,14000,14210,12133333.333333334,13262666.666666666,01,01
2019,23,06,23132,1,28,28,11808,12115,11020800,11307333.333333334,01,01
2019,23,06,23132,2,120,115,3921,3916,7842000,7505666.666666667,01,01
2019,23,06,23132,2,156,150,2206,2327,5735600,5817500,01,01
2019,23,06,23132,2,95,97,3056,3106,4838666.666666667,5021366.666666667,01,01
2019,23,07,21130,*,11,11,19574,19644,11961888.88888889,12004666.666666666,01,01
2019,23,07,21130,*,11,11,19800,19700,12100000,12038888.88888889,01,01
2019,23,07,21130,*,12,13,18000,16500,12000000,11916666.666666666,01,01
2019,23,07,21130,*,16,15,16510,16516,14675555.555555554,13763333.333333334,01,01
2019,23,07,23132,1,21,21,17600,18200,12320000,12740000,01,01
2019,23,07,23132,1,22,21,16020,14470,11748000,10129000,01,01
2019,23,07,23132,1,22,25,13800,12600,10120000,10500000,01,01
2019,23,07,23132,1,25,25,13100,13090,10916666.666666666,10908333.333333334,01,01
2019,23,07,23132,2,101,108,4036,3732,6793933.333333335,6717600,01,01
2019,23,07,23132,2,109,110,3950,3720,7175833.333333333,6820000,01,01
2019,23,07,23132,2,117,119,3074,3092,5994299.999999999,6132466.666666665,01,01
2019,23,07,23132,2,153,155,3045,3036,7764750,7843000,01,01
2019,23,07,23132,2,99,101,3809,3816,6284850,6423600.000000001,01,01
2019,24,05,21130,*,11,11,18320,17150,11195555.555555558,10480555.555555556,02,02
2019,24,05,21130,*,13,13,10585,11343,7644722.222222223,8192166.666666667,07,07
2019,24,05,21130,*,14,13,15220,16253,11837777.777777776,11738277.777777778,01,01
2019,24,05,21130,*,9,9,20881,21304,10440500,10652000,01,01
2019,24,06,21130,*,11,11,19895,18824,12158055.555555558,11503555.555555558,01,01
2019,24,06,21130,*,11,12,14356,13748,8773111.11111111,9165333.333333334,07,07
2019,24,06,21130,*,12,12,18408,19556,12272000,13037333.333333334,01,01
2019,24,06,21130,*,14,13,11328,14528,8810666.666666666,10492444.444444446,02,02
2019,24,06,23132,1,19,20,15530,15420,9835666.666666666,10280000,01,01
2019,24,06,23132,1,20,18,13490,14000,8993333.333333334,8400000,01,01
2019,24,06,23132,1,22,21,15200,14700,11146666.666666666,10290000,01,01
2019,24,06,23132,1,29,26,7043,7212,6808233.333333332,6250400,12,12
2019,24,06,23132,1,30,28,5722,5088,5722000,4748800,07,07
2019,24,06,23132,1,31,29,9274,10012,9583133.333333332,9678266.666666668,01,01
2019,24,07,21130,*,12,12,12360,12750,8240000,8500000,05,05
2019,24,07,21130,*,12,12,15500,16140,10333333.333333334,10760000,01,01
2019,24,07,23132,1,18,20,10240,11410,6144000,7606666.666666667,07,07
2019,24,07,23132,1,21,21,12400,12900,8680000,9030000,01,01
2019,24,07,23132,1,21,23,6670,7110,4669000,5451000,07,07
2019,24,07,23132,1,23,24,10880,9300,8341333.333333333,7440000,05,05
2019,24,07,23132,1,23,24,11200,11700,8586666.666666666,9360000,01,01
2019,24,07,23132,1,24,23,11032,12066,8825600.000000002,9250600,01,01
2019,24,07,23132,1,27,25,5115,5762,4603500,4801666.666666667,10,10
2019,24,07,23132,1,28,26,6883,7548,6424133.333333332,6541600,12,12
2019,25,02,23132,1,22,26,10370,8910,7604666.666666667,7722000,01,01
2019,25,03,21130,*,10,10,16228,17077,9015555.555555554,9487222.222222222,01,01
2019,25,03,21130,*,10,9,15425,16020,8569444.444444446,8010000,01,01
2019,25,04,23132,1,46,47,4620,4960,7084000,7770666.666666667,01,01
2019,25,05,21130,*,11,12,15116,14878,9237555.555555556,9918666.666666666,01,01
2019,25,05,21130,*,9,10,24446,23980,12223000,13322222.222222222,01,01
2019,25,06,21130,*,12,12,17140,14880,11426666.666666666,9920000,01,01
2019,25,06,21130,*,8,8,13484,10966,5992888.888888889,4873777.777777778,12,12
2019,25,06,23132,1,15,18,18612,9683,9306000,5809799.999999999,01,01
2019,25,06,23132,1,17,18,12787,12055,7245966.666666667,7233000,01,01
2019,25,06,23132,1,20,21,10100,9980,6733333.333333333,6986000,01,01
2019,25,06,23132,1,29,30,6622,6713,6401266.666666668,6713000,01,01
2019,25,07,21130,*,10,10,15570,15785,8650000,8769444.444444446,02,02
2019,25,07,21130,*,11,12,20260,19570,12381111.11111111,13046666.666666666,01,01
2019,25,07,21130,*,13,12,10222,16472,7382555.555555556,10981333.333333334,12,01
2019,25,07,21130,*,8,8,21100,22320,9377777.777777778,9920000,01,01
2019,25,07,23132,1,14,19,4865,3854,2270333.3333333335,2440866.6666666665,12,12
2019,25,07,23132,1,18,17,12160,11970,7296000,6783000,01,01
2019,25,07,23132,1,24,22,8878,9588,7102399.999999999,7031200,01,01
2019,25,07,23132,1,39,45,5794,5531,7532200,8296500,01,01
2019,26,03,21130,*,19,16,11810,12570,12466111.11111111,11173333.333333334,01,01
2019,26,03,21130,*,7,7,20910,20110,8131666.666666667,7820555.555555555,12,12
2019,26,03,23132,1,25,27,15385,16162,12820833.333333334,14545800,01,01
2019,26,03,23132,1,52,36,4065,12150,7046000,14580000,12,01
2019,26,05,21130,*,10,10,25150,24870,13972222.222222224,13816666.666666666,01,01
2019,26,05,21130,*,12,11,17650,17950,11766666.666666666,10969444.444444442,01,01
2019,26,05,21130,*,14,14,10500,9980,8166666.666666667,7762222.222222221,12,12
2019,26,05,23132,1,32,34,8910,8640,9504000,9792000,01,01
2019,26,05,23132,1,40,43,5230,5110,6973333.333333333,7324333.333333333,01,01
2019,26,06,21130,*,10,8,16220,14310,9011111.111111112,6360000,01,01
2019,26,06,21130,*,11,10,18720,17460,11440000,9700000,01,04
2019,26,06,21130,*,8,8,16590,16850,7373333.333333333,7488888.888888889,12,12
2019,26,06,23132,1,13,17,9837,9910,4262700,5615666.666666667,04,04
2019,26,06,23132,1,22,17,12720,13950,9328000,7905000,01,12
2019,26,06,23132,1,29,30,7845,7910,7583500,7910000,01,01
2019,26,06,23132,1,41,37,6930,6990,9471000,8621000,01,01
2019,26,07,21130,*,10,9,18750,19270,10416666.666666666,9635000,01,01
2019,26,07,21130,*,14,11,15190,16080,11814444.444444442,9826666.666666666,01,02
2019,26,07,23132,1,36,36,6020,6165,7224000,7398000,01,01
2019,26,07,23132,1,57,61,4876,4922,9264400,10008066.666666666,01,01
2019,29,03,21130,*,17,18,12620,13178,11918888.88888889,13178000,01,01
2019,29,03,21130,*,9,10,20497,18890,10248500,10494444.444444446,01,01
2019,29,03,23132,1,11,12,9980,9840,3659333.3333333335,3936000,01,01
2019,29,03,23132,1,17,18,15467,14147,8764633.333333334,8488200.000000002,01,01
2019,29,05,21130,*,12,13,16772,15446,11181333.333333334,11155444.444444446,01,01
2019,29,05,21130,*,8,9,17867,15119,7940888.888888889,7559500,01,01
2019,29,05,21130,*,9,9,20400,19550,10200000,9775000,01,01
2019,29,05,23132,1,20,25,17698,16480,11798666.666666666,13733333.333333334,01,01
2019,29,05,23132,1,28,22,6150,6350,5740000,4656666.666666667,01,01
2019,29,06,21130,*,12,11,15015,14427,10010000,8816500,01,01
2019,29,06,21130,*,9,10,20880,20140,10440000,11188888.888888888,01,01
2019,29,06,21130,*,9,9,27210,27380,13605000,13690000,01,01
2019,29,06,23132,1,18,19,12100,11900,7260000,7536666.666666667,01,01
2019,29,06,23132,1,27,27,9774,10224,8796600,9201600,01,01
2019,29,07,21130,*,10,9,14693,14612,8162777.777777779,7306000,01,01
2019,29,07,21130,*,8,8,20790,13815,9240000,6140000,01,02
2019,29,07,23132,1,15,16,8120,8090,4060000,4314666.666666667,01,01
2019,29,07,23132,1,18,17,6390,6450,3834000,3655000,12,12
2019,29,07,23132,1,20,24,17754,16580,11836000,13264000,01,01
2019,29,07,23132,1,8,10,23380,20456,7793333.333333333,6818666.666666667,01,01
2019,31,01,21130,*,10,10,22950,22040,12750000,12244444.444444446,01,01
2019,31,01,21130,*,11,11,18900,18800,11550000,11488888.88888889,01,01
2019,31,01,21130,*,9,11,18480,17520,9240000,10706666.666666666,01,01
2019,31,01,23132,1,18,20,20200,20420,12120000,13613333.333333334,01,01
2019,31,01,23132,1,22,18,12467,13735,9142466.666666666,8241000,01,01
2019,31,02,21130,*,10,10,20184,20014,11213333.333333334,11118888.888888888,01,01
2019,31,02,21130,*,10,10,21000,20520,11666666.666666666,11400000,01,01
2019,31,02,21130,*,11,8,16770,19260,10248333.333333334,8560000,12,12
2019,31,02,21130,*,6,6,14960,16050,4986666.666666667,5350000,12,12
2019,31,02,23132,1,26,24,18730,18650,16232666.666666666,14920000,01,01
2019,31,02,23132,1,27,26,7620,6640,6858000,5754666.666666667,01,01
2019,31,02,23132,1,28,26,9450,9600,8820000,8320000,01,01
2019,31,02,23132,1,30,27,8400,9200,8400000,8280000,01,01
2019,31,02,23132,2,103,104,3060,3100,5253000,5373333.333333333,01,01
2019,31,02,23132,2,182,156,1860,2160,5642000,5616000,01,01
2019,31,02,23132,2,90,85,3578,3744,5367000,5303999.999999999,01,01
2019,31,03,21130,*,11,11,18340,18150,11207777.777777776,11091666.666666666,01,01
2019,31,03,21130,*,12,12,14960,15170,9973333.333333334,10113333.333333334,01,01
2019,31,03,21130,*,7,7,25670,24990,9982777.777777778,9718333.333333334,01,01
2019,31,03,21130,*,9,9,23000,22900,11500000,11450000,01,01
2019,31,03,23132,1,18,18,14690,14500,8814000,8700000,01,01
2019,31,03,23132,1,30,30,8750,8480,8750000,8480000,01,01
2019,31,03,23132,2,128,126,2550,2600,5440000,5460000,01,01
2019,31,03,23132,2,167,170,1820,1895,5065666.666666667,5369166.666666667,01,01
2019,31,03,23132,2,97,94,3145,3230,5084416.666666667,5060333.333333333,01,01
2019,31,04,21130,*,11,11,15688,18074,9587111.11111111,11045222.222222224,01,01
2019,31,04,21130,*,7,8,21302,20754,8284111.111111112,9224000,01,01
2019,31,04,21130,*,8,7,13410,15694,5960000,6103222.222222221,02,02
2019,31,04,21130,*,9,8,18780,19220,9390000,8542222.222222222,01,01
2019,31,04,23132,1,13,12,15246,15000,6606600,6000000,02,02
2019,31,04,23132,1,25,21,13720,15640,11433333.333333334,10948000,01,01
2019,31,04,23132,1,30,29,8380,8950,8380000,8651666.666666666,01,01
2019,31,04,23132,1,33,32,11320,11460,12452000,12224000,01,01
2019,31,04,23132,1,33,33,10120,10056,11132000,11061600.000000002,01,01
2019,31,04,23132,2,168,162,2179,2142,6101200.000000001,5783400,01,01
2019,31,04,23132,2,78,69,4342,4150,5644600,4772500,01,01
2019,31,05,21130,*,10,11,12000,11500,6666666.666666667,7027777.777777779,07,07
2019,31,05,21130,*,11,11,18840,18560,11513333.333333334,11342222.222222224,01,01
2019,31,05,21130,*,12,11,12340,8720,8226666.666666667,5328888.888888889,01,07
2019,31,05,21130,*,13,13,16200,16400,11700000,11844444.444444446,01,01
2019,31,05,21130,*,8,8,19160,19380,8515555.555555556,8613333.333333334,12,12
2019,31,05,21130,*,9,10,21900,20200,10950000,11222222.222222222,01,01
2019,31,05,21130,*,9,11,18160,15520,9080000,9484444.444444444,01,01
2019,31,05,23132,1,14,14,21430,22500,10000666.666666666,10500000,01,01
2019,31,05,23132,1,21,18,22350,24540,15645000,14724000,01,01
2019,31,05,23132,1,22,19,14150,15340,10376666.666666666,9715333.333333334,01,01
2019,31,05,23132,1,25,27,9280,8100,7733333.333333333,7290000,01,01
2019,31,05,23132,1,27,27,9175,9537,8257500,8583300,01,01
2019,31,05,23132,1,27,29,13350,12850,12015000,12421666.666666666,01,01
2019,31,05,23132,1,30,31,8300,8200,8300000,8473333.333333334,01,01
2019,31,05,23132,2,102,109,3270,3090,5559000,5613500,01,01
2019,31,05,23132,2,116,117,1720,1840,3325333.3333333335,3588000,12,12
2019,31,05,23132,2,125,120,2530,2690,5270833.333333333,5380000,01,01
2019,31,05,23132,2,95,98,3410,4430,5399166.666666667,7235666.666666667,01,01
2019,31,06,21130,*,10,11,13645,12800,7580555.555555555,7822222.222222223,12,12
2019,31,06,21130,*,11,11,18900,18600,11550000,11366666.666666666,01,01
2019,31,06,21130,*,11,11,19933,18780,12181277.777777776,11476666.666666666,01,01
2019,31,06,21130,*,12,12,15716,19536,10477333.333333334,13024000,01,01
2019,31,06,21130,*,12,12,16900,15900,11266666.666666666,10600000,01,12
2019,31,06,21130,*,12,12,21710,21570,14473333.333333334,14380000,01,01
2019,31,06,21130,*,15,15,12230,12320,10191666.666666666,10266666.666666668,01,01
2019,31,06,21130,*,8,7,16030,15128,7124444.444444444,5883111.111111112,07,07
2019,31,06,21130,*,8,9,23400,22950,10400000,11475000,01,01
2019,31,06,23132,1,13,11,8350,9240,3618333.3333333335,3388000,12,12
2019,31,06,23132,1,15,16,13200,12800,6600000,6826666.666666667,01,01
2019,31,06,23132,1,18,17,14500,15000,8700000,8500000,01,01
2019,31,06,23132,1,18,20,11213,12281,6727799.999999999,8187333.333333333,01,01
2019,31,06,23132,1,18,20,12090,12070,7254000,8046666.666666667,01,01
2019,31,06,23132,1,18,21,10980,12020,6588000,8414000,01,01
2019,31,06,23132,1,21,23,9200,9080,6440000,6961333.333333333,12,12
2019,31,06,23132,1,22,24,12440,10980,9122666.666666666,8784000,01,01
2019,31,06,23132,1,25,27,7320,8040,6100000,7236000,12,12
2019,31,06,23132,1,25,30,17060,14130,14216666.666666666,14130000,01,01
2019,31,06,23132,1,25,34,7340,9184,6116666.666666667,10408533.333333334,12,01
2019,31,06,23132,1,27,27,10983,10248,9884700,9223200,01,01
2019,31,06,23132,1,27,28,9755,9540,8779500,8904000,01,01
2019,31,06,23132,1,31,35,8720,7020,9010666.666666666,8190000,01,01
2019,31,06,23132,2,102,106,3140,3000,5338000,5300000,01,01
2019,31,06,23132,2,103,99,3210,3350,5510500,5527500,01,01
2019,31,06,23132,2,114,115,2860,2810,5434000,5385833.333333333,01,01
2019,31,06,23132,2,116,115,2800,2850,5413333.333333333,5462500,01,01
2019,31,06,23132,2,121,118,2600,2690,5243333.333333333,5290333.333333333,01,01
2019,31,06,23132,2,127,160,2190,1760,4635500,4693333.333333333,01,01
2019,31,06,23132,2,139,134,1806,1736,4183899.9999999995,3877066.666666666,01,01
2019,31,06,23132,2,190,184,1020,1180,3230000,3618666.6666666665,12,12
2019,31,06,23132,2,81,84,4190,4080,5656500,5712000,01,01
2019,31,06,23132,2,82,103,1995,2335,2726500,4008416.6666666665,12,12
2019,31,06,23132,2,99,122,3620,2820,5973000,5734000,01,01
2019,31,07,21130,*,10,10,13236,14115,7353333.333333333,7841666.666666667,02,02
2019,31,07,21130,*,10,10,21100,20700,11722222.222222222,11500000,01,01
2019,31,07,21130,*,11,10,14920,15470,9117777.777777778,8594444.444444446,12,12
2019,31,07,21130,*,11,10,26400,25700,16133333.333333334,14277777.777777776,01,01
2019,31,07,21130,*,13,15,7215,7171,5210833.333333333,5975833.333333333,12,12
2019,31,07,21130,*,15,14,10734,10820,8945000,8415555.555555554,02,02
2019,31,07,21130,*,8,10,13260,17434,5893333.333333333,9685555.555555554,02,02
2019,31,07,21130,*,8,10,13680,12160,6080000,6755555.555555556,12,12
2019,31,07,21130,*,8,8,24670,23940,10964444.444444446,10640000,01,01
2019,31,07,21130,*,9,9,22247,21376,11123500,10688000,01,01
2019,31,07,23132,1,12,12,16290,15640,6516000,6256000,02,02
2019,31,07,23132,1,13,15,8620,8340,3735333.3333333335,4170000,12,12
2019,31,07,23132,1,16,17,11760,9950,6272000,5638333.333333333,01,01
2019,31,07,23132,1,16,17,19040,17960,10154666.666666666,10177333.333333334,01,01
2019,31,07,23132,1,20,21,12830,12950,8553333.333333334,9065000,01,01
2019,31,07,23132,1,21,20,12100,12820,8470000,8546666.666666666,01,01
2019,31,07,23132,1,22,20,12978,11510,9517200,7673333.333333333,01,01
2019,31,07,23132,1,22,23,11540,10620,8462666.666666666,8142000,01,01
2019,31,07,23132,1,25,26,10310,10427,8591666.666666666,9036733.333333334,01,01
2019,31,07,23132,1,27,25,11900,13400,10710000,11166666.666666666,01,01
2019,31,07,23132,1,27,28,8850,8230,7965000,7681333.333333333,01,01
2019,31,07,23132,1,31,32,13090,13150,13526333.333333334,14026666.666666666,01,01
2019,31,07,23132,1,33,32,10538,10958,11591800,11688533.333333334,01,01
2019,31,07,23132,1,35,34,7260,7170,8470000,8126000,01,01
2019,31,07,23132,2,100,115,3740,3520,6233333.333333333,6746666.666666667,01,01
2019,31,07,23132,2,112,119,2990,2960,5581333.333333333,5870666.666666667,12,12
2019,31,07,23132,2,121,112,2650,2850,5344166.666666667,5320000,01,01
2019,31,07,23132,2,122,118,2650,2740,5388333.333333333,5388666.666666667,01,01
2019,31,07,23132,2,125,146,2326,3352,4845833.333333333,8156533.333333333,01,01
2019,31,07,23132,2,129,117,2440,2700,5246000,5265000,01,01
2019,31,07,23132,2,129,132,2988,3150,6424200.000000001,6930000,12,12
2019,31,07,23132,2,135,128,2366,2565,5323500,5472000,01,01
2019,31,07,23132,2,145,105,2750,2200,6645833.333333333,3850000,01,12
2019,31,07,23132,2,86,111,3219,2309,4613899.999999999,4271650,01,01
2019,32,02,21130,*,11,13,23240,21460,14202222.222222224,15498888.888888888,01,01
2019,32,02,21130,*,7,8,13350,12260,5191666.666666667,5448888.888888889,02,02
2019,32,02,21130,*,8,12,10136,12320,4504888.888888889,8213333.333333333,12,12
2019,32,02,21130,*,8,8,14670,13940,6520000,6195555.555555556,12,12
2019,32,02,21130,*,9,9,19800,20100,9900000,10050000,01,01
2019,32,02,23132,1,16,18,7748,7683,4132266.6666666665,4609800,01,01
2019,32,02,23132,1,18,21,9870,10348,5922000,7243600,01,01
2019,32,02,23132,1,19,18,8263,9930,5233233.333333333,5958000,12,12
2019,32,02,23132,1,20,18,10165,11097,6776666.666666667,6658200.000000001,01,01
2019,32,02,23132,1,56,54,8810,8870,16445333.333333334,15966000,01,01
2019,32,03,21130,*,10,12,9489,9198,5271666.666666667,6132000,05,05
2019,32,03,21130,*,10,9,25680,24314,14266666.666666666,12157000,01,01
2019,32,03,21130,*,11,11,17680,16912,10804444.444444444,10335111.11111111,01,01
2019,32,04,21130,*,12,10,12630,10965,8420000,6091666.666666667,12,12
2019,32,04,21130,*,12,12,20212,20324,13474666.666666666,13549333.333333334,01,01
2019,32,04,21130,*,13,11,22034,21600,15913444.444444446,13200000,01,01
2019,32,04,21130,*,14,14,14148,14285,11004000,11110555.555555558,01,01
2019,32,04,23132,1,18,17,12746,12633,7647600,7158700,01,01
2019,32,04,23132,1,23,25,7520,7960,5765333.333333333,6633333.333333333,01,01
2019,32,05,21130,*,10,10,17360,20500,9644444.444444446,11388888.888888888,01,01
2019,32,05,21130,*,7,6,16903,15924,6573388.888888888,5308000,12,12
2019,32,05,21130,*,8,8,19500,19600,8666666.666666666,8711111.11111111,01,01
2019,32,05,21130,*,8,8,23301,20050,10356000,8911111.11111111,01,01
2019,32,05,21130,*,8,9,13120,16880,5831111.111111111,8440000,12,01
2019,32,05,23132,1,10,10,8720,10140,2906666.6666666665,3380000,12,12
2019,32,05,23132,1,18,20,11990,8656,7194000,5770666.666666667,01,01
2019,32,05,23132,1,20,18,11831,12910,7887333.333333333,7746000,01,01
2019,32,05,23132,1,64,60,10464,10520,22323200.000000004,21040000,01,01
2019,32,05,23132,2,135,142,3501,3480,7877250,8236000,01,01
2019,32,05,23132,2,30,37,1760,2140,880000,1319666.6666666667,01,01
2019,32,06,21130,*,10,10,13408,13952,7448888.888888888,7751111.111111112,12,12
2019,32,06,21130,*,10,10,17200,17600,9555555.555555554,9777777.777777778,01,01
2019,32,06,21130,*,10,10,24156,23006,13420000,12781111.111111112,01,01
2019,32,06,21130,*,14,14,16082,16153,12508222.222222224,12563444.444444442,01,01
2019,32,06,21130,*,17,16,18364,18174,17343777.777777776,16154666.666666666,01,01
2019,32,06,21130,*,7,6,4545,3335,1767500,1111666.6666666667,02,02
2019,32,06,21130,*,7,8,22520,18950,8757777.777777778,8422222.222222222,01,01
2019,32,06,21130,*,8,8,23440,23590,10417777.777777778,10484444.444444444,01,01
2019,32,06,21130,*,9,12,18420,16720,9210000,11146666.666666666,01,01
2019,32,06,21130,*,9,9,17230,18940,8615000,9470000,01,01
2019,32,06,23132,1,10,10,23562,19230,7854000,6410000,09,09
2019,32,06,23132,1,11,11,10800,10710,3960000,3927000,12,12
2019,32,06,23132,1,15,15,16572,18877,8286000,9438500,01,01
2019,32,06,23132,1,16,15,13556,13122,7229866.666666667,6561000,01,01
2019,32,06,23132,1,18,16,14928,12668,8956799.999999998,6756266.666666667,01,01
2019,32,06,23132,1,18,17,9612,10230,5767200.000000001,5797000,01,01
2019,32,06,23132,1,18,20,11080,11020,6648000,7346666.666666667,01,01
2019,32,06,23132,1,18,23,15984,11046,9590400,8468600,01,01
2019,32,06,23132,1,20,18,13653,13333,9102000,7999799.999999999,01,01
2019,32,06,23132,1,20,22,9070,8193,6046666.666666667,6008200,12,12
2019,32,06,23132,1,21,22,6720,6650,4704000,4876666.666666667,12,12
2019,32,06,23132,2,104,103,2480,2497,4298666.666666667,4286516.666666667,01,01
2019,32,06,23132,2,106,92,1064,1037,1879733.3333333337,1590066.6666666667,02,02
2019,32,06,23132,2,109,97,3830,4251,6957833.333333333,6872450.000000001,01,01
2019,32,06,23132,2,120,140,3020,2840,6040000,6626666.666666667,01,01
2019,32,06,23132,2,150,159,2160,2300,5400000,6095000,01,01
2019,32,06,23132,2,65,65,2721,3090,2947750,3347500,12,12
2019,32,06,23132,2,70,80,2882,2250,3362333.3333333335,3000000,04,04
2019,32,06,23132,2,72,60,2727,3610,3272399.9999999995,3610000,01,01
2019,32,06,23132,2,72,75,2410,2230,2892000,2787500,01,01
2019,32,06,23132,2,98,92,3707,3846,6054766.666666667,5897200.000000001,01,01
2019,32,07,21130,*,10,10,17902,17468,9945555.555555554,9704444.444444446,01,01
2019,32,07,21130,*,10,12,21832,22412,12128888.888888888,14941333.333333334,01,01
2019,32,07,21130,*,10,8,15900,15750,8833333.333333334,7000000,02,02
2019,32,07,21130,*,11,10,19104,18546,11674666.666666666,10303333.333333334,01,01
2019,32,07,21130,*,11,11,9560,10665,5842222.222222221,6517500,07,07
2019,32,07,21130,*,11,12,14082,9324,8605666.666666666,6216000,01,02
2019,32,07,21130,*,11,8,19940,14240,12185555.555555558,6328888.888888889,01,01
2019,32,07,21130,*,12,11,18028,17014,12018666.666666666,10397444.444444444,01,01
2019,32,07,21130,*,12,12,19490,14530,12993333.333333334,9686666.666666666,01,01
2019,32,07,21130,*,13,12,20158,20192,14558555.555555554,13461333.333333334,01,01
2019,32,07,21130,*,13,13,19923,19320,14388833.333333334,13953333.333333334,01,01
2019,32,07,21130,*,14,14,16000,15800,12444444.444444442,12288888.88888889,01,01
2019,32,07,21130,*,5,9,9890,9383,3296666.6666666665,4691500,02,02
2019,32,07,21130,*,6,6,1845,2760,615000,920000,04,04
2019,32,07,21130,*,9,8,18365,19685,9182500,8748888.88888889,01,01
2019,32,07,23132,1,12,10,11700,9136,4680000,3045333.3333333335,01,01
2019,32,07,23132,1,12,13,12160,12190,4864000,5282333.333333333,12,12
2019,32,07,23132,1,12,15,13360,12240,5344000,6120000,01,01
2019,32,07,23132,1,13,13,18608,17515,8063466.666666665,7589833.333333333,01,01
2019,32,07,23132,1,16,16,12950,13543,6906666.666666667,7222933.333333333,01,01
2019,32,07,23132,1,16,16,7150,6990,3813333.3333333335,3728000,12,12
2019,32,07,23132,1,18,17,10616,11460,6369600,6494000,01,01
2019,32,07,23132,1,18,17,16343,15592,9805799.999999998,8835466.666666666,01,01
2019,32,07,23132,1,18,19,4950,5615,2970000,3556166.6666666665,12,12
2019,32,07,23132,1,18,19,7882,7910,4729200,5009666.666666667,12,12
2019,32,07,23132,1,18,22,8245,2985,4947000,2189000,12,12
2019,32,07,23132,1,21,20,15755,16730,11028500,11153333.333333334,01,01
2019,32,07,23132,1,22,21,9246,9578,6780400,6704600,01,01
2019,32,07,23132,1,26,27,8178,9373,7087600,8435700,01,01
2019,32,07,23132,2,105,104,4278,3998,7486500,6929866.666666668,01,01
2019,32,07,23132,2,120,125,3164,3279,6328000,6831250,01,01
2019,32,07,23132,2,124,126,2115,1905,4371000,4000500,01,01
2019,32,07,23132,2,138,136,2140,2102,4922000,4764533.333333333,01,01
2019,32,07,23132,2,160,168,2997,3030,7992000,8484000,01,01
2019,32,07,23132,2,185,184,1500,1540,4625000,4722666.666666667,01,01
2019,32,07,23132,2,23,21,3110,3481,1192166.6666666667,1218350,12,12
2019,32,07,23132,2,56,48,8859,8790,8268400,7032000,01,01
2019,32,07,23132,2,67,68,4986,4905,5567700.000000001,5559000,01,01
2019,32,07,23132,2,75,68,2149,2450,2686250,2776666.6666666665,01,01
2019,32,07,23132,2,75,97,1620,1620,2025000,2619000,12,12
2019,32,07,23132,2,84,96,4130,4092,5782000,6547200,01,01
2019,32,07,23132,2,94,97,3483,3270,5456700,5286500,01,01
2019,33,01,21130,*,7,7,16845,23400,6550833.333333333,9100000,02,01
2019,33,01,21130,*,9,9,19000,22600,9500000,11300000,01,01
2019,33,02,21130,*,10,10,17800,18000,9888888.888888888,10000000,01,01
2019,33,02,21130,*,11,10,19200,18760,11733333.333333334,10422222.222222222,01,01
2019,33,02,21130,*,8,7,28800,25400,12800000,9877777.777777778,01,01
2019,33,02,21130,*,8,9,22440,21840,9973333.333333334,10920000,01,01
2019,33,02,21130,*,8,9,22450,21060,9977777.777777778,10530000,01,01
2019,33,02,23132,1,14,12,15190,16140,7088666.666666667,6456000,01,01
2019,33,03,21130,*,10,9,19725,20780,10958333.333333334,10390000,01,01
2019,33,03,21130,*,6,6,15000,13000,5000000,4333333.333333333,01,01
2019,33,03,21130,*,6,6,15852,14131,5284000,4710333.333333333,01,01
2019,33,03,21130,*,6,6,20600,24600,6866666.666666667,8200000,01,01
2019,33,03,21130,*,7,8,11370,12270,4421666.666666667,5453333.333333333,12,12
2019,33,03,23132,1,13,13,13600,13600,5893333.333333333,5893333.333333333,01,01
2019,33,03,23132,1,19,18,19440,21500,12312000,12900000,01,01
2019,33,03,23132,1,23,25,8758,8712,6714466.666666665,7260000,01,01
2019,33,04,21130,*,10,10,16200,15980,9000000,8877777.777777778,01,01
2019,33,04,21130,*,6,7,14905,18905,4968333.333333333,7351944.444444445,03,03
2019,33,04,21130,*,9,9,21600,20800,10800000,10400000,01,01
2019,33,04,23132,1,15,12,18200,17400,9100000,6960000,01,01
2019,33,04,23132,1,20,26,5190,3370,3460000,2920666.6666666665,02,02
2019,33,04,23132,2,142,136,2080,2110,4922666.666666667,4782666.666666667,01,01
2019,33,04,23132,2,168,152,2170,1910,6076000,4838666.666666667,01,01
2019,33,04,23132,2,84,71,2945,3880,4123000,4591333.333333333,01,01
2019,33,05,21130,*,10,10,19200,18800,10666666.666666666,10444444.444444446,01,01
2019,33,05,21130,*,10,11,20195,20024,11219444.444444446,12236888.88888889,01,01
2019,33,05,21130,*,10,8,21810,21870,12116666.666666666,9720000,01,01
2019,33,05,21130,*,10,9,14010,13532,7783333.333333333,6766000,01,01
2019,33,05,21130,*,11,10,18200,18600,11122222.222222224,10333333.333333334,01,01
2019,33,05,21130,*,12,9,18500,15600,12333333.333333334,7800000,12,12
2019,33,05,21130,*,8,6,19875,19960,8833333.333333334,6653333.333333333,01,01
2019,33,05,21130,*,9,8,18210,17630,9105000,7835555.555555556,01,01
2019,33,05,23132,1,11,11,14680,16710,5382666.666666667,6127000,01,01
2019,33,05,23132,1,11,12,15120,16193,5544000,6477200,01,01
2019,33,05,23132,1,13,14,8670,8795,3757000,4104333.3333333335,12,12
2019,33,05,23132,1,18,16,16000,13100,9600000,6986666.666666667,01,01
2019,33,05,23132,1,22,21,12554,11720,9206266.666666668,8204000,01,01
2019,33,05,23132,1,25,28,9800,9800,8166666.666666667,9146666.666666666,01,01
2019,33,06,21130,*,10,10,18600,17800,10333333.333333334,9888888.888888888,01,01
2019,33,06,21130,*,10,11,21400,21500,11888888.888888888,13138888.88888889,01,01
2019,33,06,21130,*,11,10,14297,14098,8737055.555555556,7832222.222222221,12,12
2019,33,06,21130,*,11,10,16304,15000,9963555.555555556,8333333.333333333,01,01
2019,33,06,21130,*,11,9,17600,20800,10755555.555555556,10400000,01,01
2019,33,06,21130,*,6,6,11500,13000,3833333.3333333335,4333333.333333333,05,05
2019,33,06,21130,*,6,7,11135,12955,378333.3333333333,5038055.555555555,03,03
2019,33,06,21130,*,7,8,17480,16170,6797777.777777779,7186666.666666667,01,01
2019,33,06,21130,*,8,7,21100,23032,9377777.777777778,8956888.888888888,01,01
2019,33,06,21130,*,8,8,23300,22900,10355555.555555556,10177777.777777778,01,01
2019,33,06,21130,*,8,9,16796,17123,7464888.888888889,8561500,01,01
2019,33,06,21130,*,9,8,21590,22640,10795000,10062222.222222222,01,01
2019,33,06,21130,*,9,9,20180,21120,10090000,10560000,01,01
2019,33,06,23132,1,11,12,10005,10100,3668500,4040000,01,01
2019,33,06,23132,1,11,12,17410,18054,6383666.666666667,7221600.000000001,01,01
2019,33,06,23132,1,13,13,8374,8427,3628733.3333333326,3651700,12,12
2019,33,06,23132,1,17,17,12000,14200,6800000,8046666.666666667,01,01
2019,33,06,23132,1,18,17,10320,10900,6192000,6176666.666666667,01,01
2019,33,06,23132,1,19,19,12100,12300,7663333.333333333,7790000,01,01
2019,33,06,23132,1,21,19,10800,11200,7560000,7093333.333333333,01,01
2019,33,06,23132,2,120,117,1580,1440,3160000,2808000,12,12
2019,33,06,23132,2,20,20,4230,4510,1410000,1503333.3333333333,01,01
2019,33,06,23132,2,58,56,2380,2670,2300666.6666666665,2492000,01,01
2019,33,06,23132,2,83,71,3742,3520,5176433.333333333,4165333.3333333335,01,01
2019,33,06,23132,2,87,89,3566,3570,5170700,5295500,01,01
2019,33,07,21130,*,10,10,13600,14400,7555555.555555555,8000000,02,02
2019,33,07,21130,*,10,11,16400,16380,9111111.111111112,10010000,01,01
2019,33,07,21130,*,11,10,12242,13932,7481222.222222221,7740000,01,01
2019,33,07,21130,*,12,11,14685,15070,9790000,9209444.444444444,01,01
2019,33,07,21130,*,6,6,14400,15800,4800000,5266666.666666667,02,02
2019,33,07,21130,*,6,6,18000,21000,6000000,7000000,01,01
2019,33,07,21130,*,7,8,16340,19860,6354444.444444445,8826666.666666666,01,01
2019,33,07,21130,*,7,8,18835,18520,7324722.222222221,8231111.111111111,01,01
2019,33,07,21130,*,7,8,19600,20500,7622222.222222221,9111111.11111111,01,01
2019,33,07,21130,*,8,8,14450,15170,6422222.222222223,6742222.222222223,12,12
2019,33,07,21130,*,8,8,19430,18660,8635555.555555556,8293333.333333333,01,01
2019,33,07,23132,1,12,12,13733,14680,5493199.999999999,5872000,01,01
2019,33,07,23132,1,12,12,9800,9800,3920000,3920000,01,01
2019,33,07,23132,1,12,13,13800,12650,5520000,5481666.666666667,01,01
2019,33,07,23132,1,13,11,10170,12740,4407000,4671333.333333333,01,01
2019,33,07,23132,1,15,14,11000,12800,5500000,5973333.333333333,01,01
2019,33,07,23132,1,16,14,10800,11400,5760000,5320000,12,12
2019,33,07,23132,1,16,18,10200,9530,5440000,5718000,01,01
2019,33,07,23132,1,20,20,7849,8539,5232666.666666667,5692666.666666667,01,01
2019,33,07,23132,1,21,20,15200,15000,10640000,10000000,01,01
2019,33,07,23132,1,23,20,8785,8990,6735166.666666667,5993333.333333333,12,12
2019,33,07,23132,1,24,26,10100,10250,8080000,8883333.333333334,01,01
2019,33,07,23132,2,118,102,1425,1276,2802500,2169199.9999999995,05,05
2019,33,07,23132,2,144,138,2140,2200,5136000,5060000,01,01
2019,33,07,23132,2,74,70,2970,3050,3663000,3558333.3333333335,01,01
2019,33,07,23132,2,76,79,2205,2188,2793000,2880866.6666666665,12,12
2019,34,01,21130,*,10,11,22010,18445,12227777.777777778,11271944.444444442,01,01
2019,34,01,21130,*,9,10,18407,17462,9203500,9701111.111111112,01,01
2019,34,02,21130,*,10,14,18724,18783,10402222.222222222,14609000,01,01
2019,34,02,21130,*,12,10,23474,25405,15649333.333333334,14113888.88888889,01,01
2019,34,02,21130,*,12,13,18560,18770,12373333.333333334,13556111.111111112,01,01
2019,34,02,21130,*,7,8,25000,21000,9722222.222222222,9333333.333333334,01,01
2019,34,02,21130,*,8,8,22720,23700,10097777.777777778,10533333.333333334,01,01
2019,34,02,21130,*,9,8,11020,12460,5510000,5537777.777777777,07,07
2019,34,02,23132,1,16,16,11486,18840,6125866.666666667,10048000,01,01
2019,34,02,23132,1,19,18,14710,14620,9316333.333333334,8772000,01,01
2019,34,02,23132,1,24,21,11000,12880,8800000,9016000,01,01
2019,34,02,23132,1,25,21,9135,9695,7612500,6786500,12,12
2019,34,02,23132,1,25,23,11265,12100,9387500,9276666.666666666,01,01
2019,34,02,23132,1,52,50,5849,7831,10138266.666666666,13051666.666666666,12,12
2019,34,02,23132,2,112,124,4155,3495,7756000,7223000,01,01
2019,34,02,23132,2,161,156,3085,3201,8278083.333333333,8322600.000000001,01,01
2019,34,03,21130,*,10,10,13060,12980,7255555.555555555,7211111.111111112,07,07
2019,34,03,21130,*,11,11,18180,18250,11110000,11152777.777777776,01,01
2019,34,03,21130,*,13,12,14020,15088,10125555.555555554,10058666.666666666,01,01
2019,34,03,21130,*,8,8,20813,21260,9250222.222222222,9448888.88888889,01,01
2019,34,03,21130,*,9,9,19024,19102,9512000,9551000,01,01
2019,34,03,23132,1,17,16,15558,15545,8816200,8290666.666666667,01,01
2019,34,03,23132,1,22,23,12458,11770,9135866.666666666,9023666.666666666,01,01
2019,34,03,23132,1,23,25,13510,12130,10357666.666666666,10108333.333333334,01,01
2019,34,03,23132,1,24,25,11487,6554,9189600.000000002,5461666.666666667,01,12
2019,34,03,23132,1,27,22,13255,15630,11929500,11462000,01,01
2019,34,04,21130,*,11,10,20075,26635,12268055.555555558,14797222.222222224,01,01
2019,34,04,21130,*,12,12,20400,13080,13600000,8720000,01,02
2019,34,04,21130,*,9,7,12337,12166,6168500,4731222.222222223,12,12
2019,34,04,23132,1,16,16,16060,17420,8565333.333333334,9290666.666666666,01,01
2019,34,04,23132,1,23,23,9460,11100,7252666.666666667,8510000,12,12
2019,34,04,23132,2,105,108,3645,3930,6378750,7074000,01,01
2019,34,05,21130,*,10,10,13710,13110,7616666.666666667,7283333.333333333,07,07
2019,34,05,21130,*,10,10,13780,15700,7655555.555555555,8722222.222222222,12,12
2019,34,05,21130,*,10,8,21000,17106,11666666.666666666,7602666.666666667,01,01
2019,34,05,21130,*,10,9,19395,20908,10775000,10454000,01,01
2019,34,05,21130,*,11,12,18840,16994,11513333.333333334,11329333.333333334,01,01
2019,34,05,21130,*,14,14,17150,16940,13338888.88888889,13175555.555555558,01,01
2019,34,05,21130,*,9,9,19260,18110,9630000,9055000,12,12
2019,34,05,21130,*,9,9,29277,30025,14638500,15012500,01,01
2019,34,05,23132,1,12,12,19050,18591,7620000,7436399.999999999,01,01
2019,34,05,23132,1,15,11,22150,22080,11075000,8096000,01,01
2019,34,05,23132,1,21,18,13639,13958,9547300,8374799.999999999,01,01
2019,34,05,23132,1,24,24,11767,11360,9413600.000000002,9088000,01,01
2019,34,05,23132,1,24,24,9735,5190,7788000,4152000,01,01
2019,34,05,23132,1,25,26,10570,10680,8808333.333333334,9256000,01,01
2019,34,05,23132,1,31,30,10860,10680,11222000,10680000,01,01
2019,34,05,23132,1,38,39,7005,5610,8873000,7293000,01,01
2019,34,05,23132,1,45,49,6732,7902,10098000.000000002,12906600,01,01
2019,34,05,23132,2,126,128,2420,2345,5082000,5002666.666666667,01,01
2019,34,05,23132,2,79,80,3140,3190,4134333.3333333335,4253333.333333333,01,01
2019,34,06,21130,*,10,10,15500,16520,8611111.111111112,9177777.777777778,12,12
2019,34,06,21130,*,10,10,15513,15990,8618333.333333334,8883333.333333334,01,01
2019,34,06,21130,*,10,10,17840,18842,9911111.111111112,9912222.222222222,01,01
2019,34,06,21130,*,10,10,18125,18305,10069444.444444446,10169444.444444446,01,01
2019,34,06,21130,*,10,11,17690,16900,9827777.777777778,10327777.777777778,01,01
2019,34,06,21130,*,10,12,13846,16452,7692222.222222221,10968000,01,01
2019,34,06,21130,*,11,11,12920,13040,7895555.555555556,7968888.888888889,07,07
2019,34,06,21130,*,13,13,14590,13854,10537222.222222222,10005666.666666666,01,01
2019,34,06,21130,*,14,12,14095,15740,10962777.777777776,10493333.333333334,01,01
2019,34,06,21130,*,15,15,18700,15600,15583333.333333334,13000000,01,01
2019,34,06,21130,*,9,9,18660,18630,9330000,9315000,01,01
2019,34,06,23132,1,16,19,18522,15446,9878400,9782466.666666666,01,01
2019,34,06,23132,1,20,20,7600,8220,5066666.666666667,5480000,07,07
2019,34,06,23132,1,20,24,4924,4334,3282666.6666666665,3467199.9999999995,12,12
2019,34,06,23132,1,21,19,12915,16200,9040500,10260000,01,01
2019,34,06,23132,1,22,21,13142,13635,9637466.666666666,9544500,01,01
2019,34,06,23132,1,23,18,13294,14100,10192066.666666666,8460000,01,01
2019,34,06,23132,1,24,20,6927,6421,5541600.000000001,4280666.666666667,12,12
2019,34,06,23132,1,26,23,9293,10261,8053933.333333333,7866766.666666667,01,01
2019,34,06,23132,1,26,28,10670,11560,9247333.333333334,10789333.333333334,01,01
2019,34,06,23132,1,28,29,8577,8210,8005200.000000001,7936333.333333333,01,01
2019,34,06,23132,1,28,30,10287,10354,9601200.000000002,10354000.000000002,01,01
2019,34,06,23132,1,30,32,8282,8155,8282000,8698666.666666666,01,01
2019,34,06,23132,1,34,34,5960,5870,6754666.666666667,6652666.666666667,12,12
2019,34,06,23132,1,35,38,7370,6960,8598333.333333334,8816000,01,01
2019,34,06,23132,1,37,36,5477,4620,6754966.666666667,5544000,12,12
2019,34,06,23132,1,40,41,9080,8970,12106666.666666666,12259000,01,01
2019,34,06,23132,1,52,54,7300,8120,12653333.333333334,14616000,01,01
2019,34,06,23132,2,102,100,3675,3795,6247500,6325000,01,01
2019,34,06,23132,2,112,111,2858,2523,5334933.333333334,4667550.000000001,01,01
2019,34,06,23132,2,117,126,3150,2855,6142500,5995500,01,01
2019,34,06,23132,2,119,122,2950,3125,5850833.333333333,6354166.666666667,01,01
2019,34,06,23132,2,120,146,1800,2025,3600000,4927500,12,12
2019,34,06,23132,2,123,117,2440,2670,5002000,5206500,01,01
2019,34,06,23132,2,167,161,3211,3194,8937283.333333334,8570566.666666666,01,01
2019,34,06,23132,2,183,178,3028,3065,9235400,9092833.333333334,01,01
2019,34,06,23132,2,62,75,2860,2990,2955333.3333333335,3737500,12,12
2019,34,06,23132,2,87,83,3280,3685,4756000,5097583.333333333,12,12
2019,34,06,23132,2,90,96,2395,2265,3592500,3624000,12,12
2019,34,06,23132,2,92,126,1895,2350,2905666.6666666665,4935000,12,12
2019,34,07,21130,*,10,10,10200,12780,5666666.666666667,7100000,07,07
2019,34,07,21130,*,10,10,19920,19837,11066666.666666666,11020555.555555554,01,01
2019,34,07,21130,*,11,11,12022,13055,7346777.777777779,7978055.555555556,12,12
2019,34,07,21130,*,11,11,21348,20670,13046000,12631666.666666666,01,01
2019,34,07,21130,*,12,12,15280,16880,10186666.666666666,11253333.333333334,01,01
2019,34,07,21130,*,13,13,16688,17054,12052444.444444446,12316777.777777778,01,01
2019,34,07,21130,*,13,13,16716,14160,12072666.666666666,10226666.666666666,01,01
2019,34,07,21130,*,8,7,17960,16201,7982222.222222223,6300388.888888888,02,02
2019,34,07,21130,*,9,10,10440,11250,5220000,6250000,02,02
2019,34,07,23132,1,15,20,18700,9520,9350000,6346666.666666667,01,12
2019,34,07,23132,1,17,24,9180,6541,5202000,5232800.000000001,07,07
2019,34,07,23132,1,18,16,6180,5965,3708000,3181333.3333333335,01,01
2019,34,07,23132,1,19,23,15365,9410,9731166.666666666,7214333.333333333,01,12
2019,34,07,23132,1,20,22,9154,6438,6102666.666666667,4721199.999999999,02,02
2019,34,07,23132,1,22,23,10050,9745,7370000,7471166.666666667,01,01
2019,34,07,23132,1,26,25,12150,12410,10530000,10341666.666666666,01,01
2019,34,07,23132,1,27,28,3815,6640,3433500,6197333.333333333,12,12
2019,34,07,23132,1,28,30,10565,10915,9860666.666666666,10915000,01,01
2019,34,07,23132,1,28,30,9420,8260,8792000,8260000,01,01
2019,34,07,23132,1,30,34,4080,7958,4080000,9019066.666666666,12,01
2019,34,07,23132,1,32,31,14260,11240,15210666.666666666,11614666.666666666,01,01
2019,34,07,23132,1,34,36,6154,5685,6974533.333333333,6822000,12,12
2019,34,07,23132,1,37,39,7855,9050,9687833.333333334,11765000,01,01
2019,34,07,23132,1,50,52,5850,5940,9750000,10296000,01,01
2019,34,07,23132,1,65,64,4600,4550,9966666.666666666,9706666.666666666,01,01
2019,34,07,23132,2,114,121,2574,2661,4890600,5366350.000000001,01,01
2019,34,07,23132,2,116,120,2090,2150,4040666.6666666665,4300000,12,12
2019,34,07,23132,2,119,122,3215,2600,6376416.666666667,5286666.666666667,01,01
2019,34,07,23132,2,128,130,2551,2661,5442133.333333333,5765500,01,01
2019,34,07,23132,2,162,150,3790,2635,10233000,6587500,01,01
2019,34,07,23132,2,195,200,2524,2598,8203000,8660000,01,01
2019,34,07,23132,2,62,60,4087,3955,4223233.333333333,3955000,12,12
2019,34,07,23132,2,65,60,5725,5720,6202083.333333333,5720000,01,01
2019,34,07,23132,2,70,73,2400,2423,2800000,2947983.3333333335,01,01
2019,34,07,23132,2,84,98,2680,2510,3752000,4099666.6666666665,12,12
2019,34,07,23132,2,96,89,3020,2980,4832000,4420333.333333333,12,12
2019,34,07,23132,2,97,91,1295,900,2093583.3333333333,1365000,12,12
2019,35,01,21130,*,12,11,11286,11852,7524000,7242888.888888888,02,02
2019,35,01,21130,*,3,5,24744,25836,8248000,8612000,01,01
2019,35,01,23132,1,43,43,6404,6458,9179066.666666666,9256466.666666666,01,01
2019,35,02,21130,*,10,10,18600,19120,10333333.333333334,10622222.222222222,01,01
2019,35,02,21130,*,10,8,16461,20566,9145000,9140444.444444444,02,02
2019,35,02,21130,*,11,11,17662,17239,10793444.444444444,10534944.444444444,01,01
2019,35,02,21130,*,6,8,14386,13971,4795333.333333333,6209333.333333333,05,05
2019,35,02,21130,*,8,8,21456,20810,9536000,9248888.88888889,02,02
2019,35,02,23132,1,16,16,11948,12356,6372266.666666667,6589866.666666667,12,12
2019,35,02,23132,1,22,23,11262,10524,8258800,8068400,01,01
2019,35,02,23132,1,22,24,9240,10035,6776000,8028000,04,04
2019,35,03,21130,*,11,10,17714,33021,10825222.222222222,18345000,01,01
2019,35,03,21130,*,11,12,13298,12500,8126555.555555556,8333333.333333333,12,12
2019,35,04,21130,*,10,9,18760,21220,10422222.222222222,10610000,01,01
2019,35,04,21130,*,16,16,12690,12560,11280000,11164444.444444446,01,01
2019,35,04,21130,*,5,6,17948,16558,5982666.666666667,5519333.333333333,12,12
2019,35,04,21130,*,7,7,12512,11312,4865777.777777778,4399111.111111111,12,12
2019,35,04,21130,*,8,8,22350,22700,9933333.333333334,10088888.88888889,12,12
2019,35,04,21130,*,9,13,18472,17714,9236000,12793444.444444446,04,01
2019,35,04,23132,1,17,18,14272,15006,8087466.666666667,9003600,01,01
2019,35,04,23132,1,18,14,10483,8189,6289799.999999999,3821533.3333333335,12,12
2019,35,04,23132,1,23,23,11602,12760,8894866.666666668,9782666.666666666,01,01
2019,35,04,23132,1,24,20,8681,10692,6944800,7128000,01,01
2019,35,04,23132,1,26,23,8486,11602,7354533.333333335,8894866.666666668,02,01
2019,35,04,23132,1,28,29,11960,11490,11162666.666666666,11107000,01,01
2019,35,04,23132,1,33,35,8853,8486,9738299.999999998,9900333.333333334,01,01
2019,35,04,23132,1,45,51,7029,7346,10543500,12488200,01,01
2019,35,05,21130,*,10,9,23554,24410,13085555.555555554,12205000,01,01
2019,35,05,21130,*,11,10,16520,18210,10095555.555555556,10116666.666666666,01,01
2019,35,05,21130,*,11,11,16320,17100,9973333.333333334,10450000,01,01
2019,35,05,21130,*,11,12,20049,19247,12252166.666666666,12831333.333333334,01,01
2019,35,05,21130,*,16,16,18650,17720,16577777.777777778,15751111.111111112,01,01
2019,35,05,21130,*,4,5,5904,16440,1968000,5480000,12,12
2019,35,05,21130,*,8,8,20900,21650,9288888.88888889,9622222.222222222,02,02
2019,35,05,21130,*,9,10,20550,18587,10275000,10326111.111111112,01,01
2019,35,05,23132,1,16,17,14127,12905,7534400,7312833.333333333,12,12
2019,35,05,23132,1,19,18,9784,12618,6196533.333333333,7570799.999999999,10,10
2019,35,05,23132,1,20,20,13420,13610,8946666.666666666,9073333.333333334,01,01
2019,35,05,23132,1,20,21,11000,10500,7333333.333333333,7350000,12,12
2019,35,05,23132,1,21,20,13780,12920,9646000,8613333.333333334,01,01
2019,35,05,23132,1,22,24,10920,12984,8008000,10387200.000000002,01,01
2019,35,05,23132,1,25,26,8694,7320,7245000,6344000,01,01
2019,35,06,21130,*,10,10,22170,22810,12316666.666666666,12672222.222222222,01,01
2019,35,06,21130,*,10,12,13043,12372,7246111.111111112,8248000,05,05
2019,35,06,21130,*,11,10,12540,11980,7663333.333333333,6655555.555555556,02,02
2019,35,06,21130,*,11,10,16800,17700,10266666.666666666,9833333.333333334,01,01
2019,35,06,21130,*,12,12,14687,15371,9791333.333333334,10247333.333333334,01,01
2019,35,06,21130,*,12,12,15718,16004,10478666.666666666,10669333.333333334,01,01
2019,35,06,21130,*,13,14,14532,13186,10495333.333333334,10255777.777777778,01,01
2019,35,06,21130,*,8,7,17377,17439,7723111.111111111,6781833.333333333,12,12
2019,35,06,21130,*,9,9,17300,17460,8650000,8730000,02,02
2019,35,06,21130,*,9,9,19720,19910,9860000,9955000,01,01
2019,35,06,23132,1,14,16,7026,7105,3278800,3789333.3333333335,12,12
2019,35,06,23132,1,21,18,11976,12368,8383200,7420799.999999999,01,09
2019,35,06,23132,1,21,22,13040,12210,9128000,8954000,01,01
2019,35,06,23132,1,22,21,11861,12865,8698066.666666666,9005500,01,01
2019,35,06,23132,1,22,21,16448,15670,12061866.666666666,10969000,01,01
2019,35,06,23132,1,23,24,12860,12210,9859333.333333334,9768000,01,01
2019,35,06,23132,1,25,24,12910,13786,10758333.333333334,11028799.999999998,01,01
2019,35,06,23132,1,25,25,10410,10738,8675000,8948333.333333334,01,01
2019,35,06,23132,1,25,28,9740,9520,8116666.666666667,8885333.333333334,01,01
2019,35,06,23132,1,26,23,10440,11506,9048000,8821266.666666666,01,01
2019,35,06,23132,1,26,27,10435,10010,9043666.666666666,9009000,01,01
2019,35,06,23132,1,27,25,10020,10210,9018000,8508333.333333334,01,01
2019,35,06,23132,1,27,25,9420,10234,8478000,8528333.333333334,01,01
2019,35,06,23132,1,28,26,8650,8900,8073333.333333333,7713333.333333333,12,12
2019,35,06,23132,1,28,30,7840,6840,7317333.333333333,6840000,12,12
2019,35,06,23132,1,29,26,12480,13210,12064000,11448666.666666666,01,01
2019,35,06,23132,1,29,29,9160,9450,8854666.666666666,9135000,01,01
2019,35,06,23132,1,30,29,6932,9026,6932000,8725133.333333334,10,01
2019,35,06,23132,1,34,32,8229,8425,9326200,8986666.666666666,01,01
2019,35,06,23132,1,37,39,5780,5650,7128666.666666667,7345000,05,05
2019,35,06,23132,1,48,49,5519,4045,8830399.999999998,6606833.333333333,01,12
2019,35,07,21130,*,10,10,17343,17040,9635000,9466666.666666666,02,02
2019,35,07,21130,*,10,11,17178,14470,9543333.333333334,8842777.777777778,01,01
2019,35,07,21130,*,11,11,17760,16890,10853333.333333334,10321666.666666666,01,01
2019,35,07,21130,*,11,11,19250,18890,11763888.88888889,11543888.88888889,01,01
2019,35,07,21130,*,11,12,13172,12837,8049555.555555556,8558000,10,10
2019,35,07,21130,*,14,14,14936,14250,11616888.88888889,11083333.333333334,01,01
2019,35,07,21130,*,14,15,10596,11180,8241333.333333333,9316666.666666666,10,10
2019,35,07,21130,*,18,17,17310,18410,17310000,17387222.222222224,01,01
2019,35,07,21130,*,8,7,13232,11268,5880888.888888889,4382000,05,05
2019,35,07,21130,*,9,10,10800,10600,5400000,5888888.888888889,12,12
2019,35,07,23132,1,10,10,10848,11268,3616000,3756000,05,05
2019,35,07,23132,1,14,13,10280,11150,4797333.333333333,4831666.666666667,12,12
2019,35,07,23132,1,14,23,9420,7960,4396000,6102666.666666667,10,10
2019,35,07,23132,1,17,17,11522,11732,6529133.333333333,6648133.333333333,10,10
2019,35,07,23132,1,18,22,7938,9054,4762800,6639600,12,12
2019,35,07,23132,1,18,22,9410,11518,5646000,8446533.333333334,10,01
2019,35,07,23132,1,19,18,12330,11750,7809000,7050000,02,02
2019,35,07,23132,1,19,21,14300,12650,9056666.666666666,8855000,01,01
2019,35,07,23132,1,21,20,10520,12092,7364000,8061333.333333333,12,01
2019,35,07,23132,1,22,17,8409,7563,6166600,4285699.999999999,12,12
2019,35,07,23132,1,22,21,10938,10632,8021200,7442400,12,12
2019,35,07,23132,1,22,22,15268,14734,11196533.333333334,10804933.333333334,01,01
2019,35,07,23132,1,22,24,6618,6230,4853199.999999999,4984000,12,12
2019,35,07,23132,1,23,24,12540,12320,9614000,9856000,01,01
2019,35,07,23132,1,24,27,6288,4011,5030399.999999999,3609900,01,12
2019,35,07,23132,1,27,28,9151,9080,8235900,8474666.666666666,01,01
2019,35,07,23132,1,28,30,7231,7350,6748933.333333333,7350000,05,05
2019,35,07,23132,1,30,30,6387,5286,6387000,5286000,12,12
2019,35,07,23132,1,30,30,9789,9486,9789000,9486000,01,01
2019,35,07,23132,1,32,33,7240,7130,7722666.666666667,7843000,12,12
2019,35,07,23132,1,36,39,6642,6275,7970400,8157500,12,12
2019,35,07,23132,1,54,53,5060,5010,9108000,8851000,01,01
2019,36,01,23132,2,46,42,3195,3262,2449500,2283400,12,12
2019,36,02,21130,*,10,10,12890,14830,7161111.111111112,8238888.888888888,10,10
2019,36,02,21130,*,10,11,18952,19236,10528888.888888888,11755333.333333334,01,01
2019,36,02,21130,*,11,11,15200,14900,9288888.88888889,9105555.555555556,07,07
2019,36,02,21130,*,12,12,14320,13556,9546666.666666666,9037333.333333334,04,04
2019,36,02,21130,*,6,5,17450,17100,5816666.666666667,5700000,04,04
2019,36,02,21130,*,8,9,16600,17400,7377777.777777777,8700000,01,01
2019,36,02,21130,*,8,9,20176,17218,8967111.11111111,8609000,07,07
2019,36,02,21130,*,9,10,11470,12080,5735000,6711111.111111111,12,12
2019,36,02,23132,1,20,22,20350,18400,13566666.666666666,13493333.333333334,01,01
2019,36,02,23132,1,25,25,10038,9127,8365000,7605833.333333333,01,07
2019,36,02,23132,1,32,31,9240,9080,9856000,9382666.666666666,01,01
2019,36,03,21130,*,10,10,24000,22500,13333333.333333334,12500000,01,01
2019,36,03,21130,*,12,11,21180,19440,14120000,11880000,01,01
2019,36,03,21130,*,20,16,9520,9150,10577777.777777778,8133333.333333333,12,12
2019,36,03,23132,1,22,21,15680,16240,11498666.666666666,11368000,01,01
2019,36,03,23132,1,22,21,16642,16910,12204133.333333334,11837000,01,01
2019,36,03,23132,1,26,25,10200,10400,8840000,8666666.666666666,01,01
2019,36,03,23132,1,32,28,8410,8240,8970666.666666666,7690666.666666667,01,01
2019,36,03,23132,1,33,31,8240,9156,9064000,9461200.000000002,01,01
2019,36,04,21130,*,11,11,15960,15230,9753333.333333334,9307222.222222222,10,10
2019,36,04,21130,*,11,11,18900,18500,11550000,11305555.555555558,01,01
2019,36,04,21130,*,14,13,10118,10281,7869555.555555555,7425166.666666667,10,10
2019,36,04,21130,*,9,9,18540,19170,9270000,9585000,02,02
2019,36,04,23132,1,14,15,16360,16780,7634666.666666667,8390000,12,12
2019,36,04,23132,1,21,20,10840,10910,7588000,7273333.333333333,07,07
2019,36,04,23132,1,24,29,11335,9774,9068000,9448200,01,01
2019,36,04,23132,1,26,24,4880,8000,4229333.333333333,6400000,12,12
2019,36,05,21130,*,10,11,27790,28630,15438888.88888889,17496111.111111112,01,01
2019,36,05,21130,*,11,11,11264,12184,6883555.555555555,7445777.777777779,12,12
2019,36,05,21130,*,12,12,16620,16014,11080000,10676000,01,01
2019,36,05,21130,*,12,15,16423,12478,10948666.666666666,10398333.333333332,07,07
2019,36,05,21130,*,8,8,10396,10186,4620444.444444445,4527111.111111111,07,07
2019,36,05,21130,*,8,8,15224,14322,6766222.222222223,6365333.333333333,01,01
2019,36,05,21130,*,9,10,13840,15000,6920000,8333333.333333333,03,03
2019,36,05,21130,*,9,11,18978,18858,9489000,11524333.333333334,07,07
2019,36,05,23132,1,24,23,11164,11026,8931200.000000002,8453266.666666666,01,01
2019,36,05,23132,1,28,28,4039,4120,3769733.3333333326,3845333.3333333335,10,10
2019,36,05,23132,1,29,24,11780,13210,11387333.333333334,10568000,01,01
2019,36,05,23132,1,40,42,8190,8243,10920000,11540200,01,01
2019,36,05,23132,1,54,47,4930,5723,8874000,8966033.333333334,01,01
2019,36,06,21130,*,10,10,15492,12996,8606666.666666666,7220000,07,07
2019,36,06,21130,*,10,10,23820,21540,13233333.333333334,11966666.666666666,01,01
2019,36,06,21130,*,10,12,15706,17998,8725555.555555554,11998666.666666666,07,01
2019,36,06,21130,*,11,10,16692,19131,10200666.666666666,10628333.333333334,04,04
2019,36,06,21130,*,11,11,19400,17760,11855555.555555558,10853333.333333334,01,01
2019,36,06,21130,*,11,13,22620,16580,13823333.333333334,11974444.444444446,01,01
2019,36,06,21130,*,12,11,15042,15500,10028000,9472222.222222222,12,12
2019,36,06,21130,*,12,11,16446,16840,10964000,10291111.11111111,01,01
2019,36,06,21130,*,12,12,11255,11884,7503333.333333333,7922666.666666667,12,12
2019,36,06,21130,*,13,13,6800,6550,4911111.111111111,4730555.555555556,02,02
2019,36,06,21130,*,14,14,12338,11246,9596222.222222222,8746888.888888888,12,12
2019,36,06,21130,*,14,14,18840,17679,14653333.333333334,13750333.333333334,01,01
2019,36,06,21130,*,3,3,9008,8940,3002666.6666666665,2980000,02,02
2019,36,06,21130,*,7,11,16990,19180,6607222.222222221,11721111.11111111,07,01
2019,36,06,21130,*,9,10,24862,23385,12431000,12991666.666666666,01,01
2019,36,06,21130,*,9,9,17500,17110,8750000,8555000,01,01
2019,36,06,21130,*,9,9,19360,20220,9680000,10110000,07,07
2019,36,06,23132,1,14,18,10243,13807,4780066.666666666,8284200.000000001,07,01
2019,36,06,23132,1,18,17,11150,10496,6690000,5947733.333333332,02,02
2019,36,06,23132,1,18,19,12160,11980,7296000,7587333.333333333,07,07
2019,36,06,23132,1,18,20,17190,16000,10314000,10666666.666666666,01,01
2019,36,06,23132,1,22,26,9783,6902,7174200,5981733.333333333,01,01
2019,36,06,23132,1,23,22,14410,14870,11047666.666666666,10904666.666666666,01,01
2019,36,06,23132,1,25,19,8680,9540,7233333.333333333,6042000,12,12
2019,36,06,23132,1,25,25,10300,10700,8583333.333333334,8916666.666666666,01,01
2019,36,06,23132,1,25,28,14902,14410,12418333.333333334,13449333.333333334,01,01
2019,36,06,23132,1,26,25,13279,14114,11508466.666666666,11761666.666666666,01,01
2019,36,06,23132,1,26,26,9420,9380,8164000,8129333.333333333,01,01
2019,36,06,23132,1,27,26,12690,12860,11421000,11145333.333333334,01,01
2019,36,06,23132,1,27,28,11100,10130,9990000,9454666.666666666,01,01
2019,36,06,23132,1,28,26,10220,9980,9538666.666666666,8649333.333333334,01,01
2019,36,06,23132,1,29,31,9230,9480,8922333.333333334,9796000,01,01
2019,36,06,23132,1,32,15,4301,8660,4587733.333333333,4330000,10,10
2019,36,06,23132,1,32,31,8870,9030,9461333.333333334,9331000,01,01
2019,36,06,23132,1,35,32,7660,8705,8936666.666666666,9285333.333333334,01,01
2019,36,06,23132,1,35,34,8400,8211,9800000,9305800,01,01
2019,36,06,23132,1,43,40,6069,6573,8698900,8764000,01,01
2019,36,06,23132,2,126,122,1903,2133,3996300.0000000005,4337100.000000001,12,12
2019,36,06,23132,2,151,148,4142,3852,10424033.333333334,9501600,01,01
2019,36,06,23132,2,85,90,2674,2517,3788166.666666666,3775500,12,12
2019,36,07,21130,*,10,10,17280,17088,9600000,9493333.333333334,07,07
2019,36,07,21130,*,10,10,17500,18450,9722222.222222222,10250000,07,07
2019,36,07,21130,*,10,10,20820,21755,11566666.666666666,12086111.111111112,01,01
2019,36,07,21130,*,10,10,22790,23070,12661111.111111112,12816666.666666666,01,01
2019,36,07,21130,*,11,10,21954,22128,13416333.333333334,12293333.333333334,01,01
2019,36,07,21130,*,11,11,19200,19380,11733333.333333334,11843333.333333334,01,01
2019,36,07,21130,*,12,12,25245,24660,16830000,16440000,01,01
2019,36,07,21130,*,12,13,20756,18990,13837333.333333334,13715000,01,01
2019,36,07,21130,*,13,13,17026,18205,12296555.555555554,13148055.555555554,01,01
2019,36,07,21130,*,16,16,13920,14240,12373333.333333334,12657777.777777778,01,01
2019,36,07,21130,*,7,10,15552,16873,6048000,9373888.888888888,07,07
2019,36,07,21130,*,8,7,16500,16820,7333333.333333333,6541111.111111112,02,02
2019,36,07,21130,*,8,8,13194,13418,5864000,5963555.555555556,12,12
2019,36,07,21130,*,8,8,21900,19500,9733333.333333334,8666666.666666666,01,05
2019,36,07,21130,*,8,9,19810,21220,8804444.444444444,10610000,07,07
2019,36,07,21130,*,9,10,20730,20862,10365000,11590000,01,01
2019,36,07,21130,*,9,10,24918,20712,12459000,11506666.666666666,01,01
2019,36,07,21130,*,9,8,18916,21506,9458000,9558222.222222222,02,02
2019,36,07,21130,*,9,9,15399,15933,7699500,7966500,04,04
2019,36,07,21130,*,9,9,23800,23690,11900000,11845000,01,01
2019,36,07,23132,1,19,18,8560,7473,5421333.333333333,4483800,12,12
2019,36,07,23132,1,19,21,11500,9330,7283333.333333333,6531000,05,05
2019,36,07,23132,1,20,19,14074,13248,9382666.666666666,8390400,01,01
2019,36,07,23132,1,22,21,8120,7815,5954666.666666667,5470500,12,12
2019,36,07,23132,1,24,25,12460,15280,9968000,12733333.333333334,01,01
2019,36,07,23132,1,24,25,12600,12240,10080000,10200000,01,01
2019,36,07,23132,1,25,25,9980,9600,8316666.666666667,8000000,01,07
2019,36,07,23132,1,25,26,11700,10700,9750000,9273333.333333334,01,01
2019,36,07,23132,1,26,26,10220,10980,8857333.333333334,9516000,01,01
2019,36,07,23132,1,27,24,6202,7831,5581800.000000001,6264800,02,02
2019,36,07,23132,1,28,29,9870,10300,9212000,9956666.666666666,01,01
2019,36,07,23132,1,28,30,6712,6888,6264533.333333335,6888000,10,10
2019,36,07,23132,1,29,28,8680,8708,8390666.666666666,8127466.666666665,12,12
2019,36,07,23132,1,32,30,8660,8870,9237333.333333334,8870000,01,01
2019,36,07,23132,1,36,37,7560,7420,9072000,9151333.333333334,01,01
2019,36,07,23132,1,38,39,8920,8280,11298666.666666666,10764000,01,01
2019,36,07,23132,1,45,42,7992,8046,11988000,11264400.000000002,01,01
2019,36,07,23132,1,48,46,3180,3322,5088000,5093733.333333333,10,10
2019,36,07,23132,2,63,81,2461,2380,2584050,3213000,12,12
2019,37,02,21130,*,10,10,21060,20970,11700000,11650000,01,01
2019,37,02,21130,*,10,12,16350,12050,9083333.333333334,8033333.333333333,01,01
2019,37,02,21130,*,12,11,27070,24884,18046666.666666668,15206888.888888888,01,01
2019,37,02,21130,*,13,13,13320,12920,9620000,9331111.111111112,01,01
2019,37,02,21130,*,8,8,21500,20850,9555555.555555556,9266666.666666666,01,01
2019,37,02,23132,1,18,16,12270,10150,7362000,5413333.333333333,01,01
2019,37,02,23132,1,27,26,8708,7624,7837200,6607466.666666665,01,01
2019,37,02,23132,1,30,29,8800,10300,8800000,9956666.666666666,01,01
2019,37,03,21130,*,10,9,15453,18240,8585000,9120000,01,01
2019,37,03,21130,*,11,11,14210,13340,8683888.88888889,8152222.222222223,12,12
2019,37,03,21130,*,12,11,21600,21200,14400000,12955555.555555558,01,01
2019,37,03,21130,*,13,12,11100,9600,8016666.666666667,6400000,01,12
2019,37,03,21130,*,7,7,14910,15270,5798333.333333333,5938333.333333333,12,12
2019,37,03,21130,*,7,7,19600,17550,7622222.222222221,6825000,01,01
2019,37,03,21130,*,9,8,19540,20980,9770000,9324444.444444444,01,01
2019,37,03,21130,*,9,9,16896,20790,8448000,10395000,01,01
2019,37,03,23132,1,10,10,7350,7250,2450000,2416666.6666666665,01,01
2019,37,03,23132,1,12,19,7430,10500,2972000,6650000,12,01
2019,37,03,23132,1,17,15,9950,13180,5638333.333333333,6590000,01,01
2019,37,03,23132,1,19,20,8000,8000,5066666.666666667,5333333.333333333,01,01
2019,37,03,23132,1,19,25,9400,9440,5953333.333333333,7866666.666666667,01,01
2019,37,03,23132,1,20,20,9200,12300,6133333.333333333,8200000,01,01
2019,37,03,23132,1,23,25,10000,10300,7666666.666666667,8583333.333333334,01,01
2019,37,04,21130,*,11,11,15219,15240,9300500,9313333.333333334,01,01
2019,37,04,21130,*,6,10,19788,15460,6596000,8588888.888888888,01,01
2019,37,04,21130,*,8,8,15300,15800,6800000,7022222.222222223,01,01
2019,37,04,21130,*,9,8,15880,22500,7940000,10000000,01,01
2019,37,04,23132,1,14,14,13220,12540,6169333.333333333,5852000,01,10
2019,37,04,23132,1,15,16,19450,14940,9725000,7968000,01,01
2019,37,04,23132,1,16,13,19120,17370,10197333.333333334,7527000,01,01
2019,37,04,23132,1,19,18,12112,13250,7670933.333333333,7950000,01,01
2019,37,04,23132,1,25,21,5975,5750,4979166.666666667,4025000,01,01
2019,37,05,21130,*,10,10,13700,10700,7611111.111111112,5944444.444444444,01,12
2019,37,05,21130,*,10,11,16980,17770,9433333.333333334,10859444.444444444,01,01
2019,37,05,21130,*,10,9,13400,14600,7444444.444444445,7300000,01,01
2019,37,05,21130,*,12,10,18314,25212,12209333.333333334,14006666.666666666,01,01
2019,37,05,21130,*,12,11,17800,19660,11866666.666666666,12014444.444444442,01,01
2019,37,05,21130,*,12,11,19750,18750,13166666.666666666,11458333.333333334,01,01
2019,37,05,21130,*,7,8,17340,16400,6743333.333333333,7288888.888888889,12,12
2019,37,05,21130,*,9,8,19520,18960,9760000,8426666.666666666,01,01
2019,37,05,23132,1,10,17,13500,14000,4500000,7933333.333333333,01,01
2019,37,05,23132,1,16,24,9850,6800,5253333.333333333,5440000,01,01
2019,37,05,23132,1,18,20,8564,8487,5138399.999999999,5658000,01,01
2019,37,05,23132,1,24,25,9240,8760,7392000,7300000,01,01
2019,37,06,21130,*,10,11,12400,12100,6888888.888888888,7394444.444444445,02,02
2019,37,06,21130,*,11,9,12500,14600,7638888.888888889,7300000,12,12
2019,37,06,21130,*,12,11,18600,17700,12400000,10816666.666666666,01,01
2019,37,06,21130,*,13,12,31120,24490,22475555.555555556,16326666.666666666,01,01
2019,37,06,21130,*,14,13,10460,11050,8135555.555555555,7980555.555555556,04,04
2019,37,06,21130,*,16,15,11420,12260,10151111.11111111,10216666.666666666,01,01
2019,37,06,21130,*,17,18,5880,7110,5553333.333333333,7110000,02,01
2019,37,06,21130,*,7,7,15306,16724,5952333.333333333,6503777.777777779,01,01
2019,37,06,21130,*,7,8,21372,20539,8311333.333333333,9128444.444444444,01,01
2019,37,06,21130,*,8,7,17530,19000,7791111.111111111,7388888.888888888,01,01
2019,37,06,21130,*,8,8,11100,15530,4933333.333333333,6902222.222222223,02,02
2019,37,06,21130,*,9,9,22010,21950,11005000,10975000,01,01
2019,37,06,23132,1,12,12,10400,10000,4160000,4000000,01,01
2019,37,06,23132,1,14,15,12000,12400,5600000,6200000,01,01
2019,37,06,23132,1,15,16,7890,8220,3945000,4384000,12,12
2019,37,06,23132,1,15,16,8040,8160,4020000,4352000,01,01
2019,37,06,23132,1,19,15,8357,6130,5292766.666666667,3065000,01,01
2019,37,06,23132,1,26,17,9000,14000,7800000,7933333.333333333,01,01
2019,37,06,23132,1,27,25,3972,2860,3574800,2383333.3333333335,12,12
2019,37,06,23132,1,27,29,4594,4762,4134600,4603266.666666667,09,09
2019,37,07,21130,*,10,13,18772,16243,10428888.888888888,11731055.555555554,01,01
2019,37,07,21130,*,10,9,14690,17630,8161111.111111112,8815000,02,02
2019,37,07,21130,*,10,9,15600,23610,8666666.666666666,11805000,01,01
2019,37,07,21130,*,11,11,11286,12114,6897000,7403000,04,04
2019,37,07,21130,*,11,11,18185,19289,11113055.555555558,11787722.222222224,01,01
2019,37,07,21130,*,12,11,14345,17110,9563333.333333334,10456111.11111111,01,01
2019,37,07,21130,*,12,13,18209,17217,12139333.333333334,12434500,01,01
2019,37,07,21130,*,12,13,23140,20700,15426666.666666666,14950000,01,01
2019,37,07,21130,*,14,13,11500,13200,8944444.444444446,9533333.333333334,01,01
2019,37,07,21130,*,6,6,16962,15420,5654000,5140000,02,02
2019,37,07,21130,*,7,7,17500,16300,6805555.555555555,6338888.888888888,01,01
2019,37,07,21130,*,8,7,18300,16500,8133333.333333333,6416666.666666667,01,01
2019,37,07,21130,*,8,8,19990,18960,8884444.444444444,8426666.666666666,01,01
2019,37,07,23132,1,12,10,14210,16313,5684000,5437666.666666667,10,10
2019,37,07,23132,1,19,17,11000,10700,6966666.666666667,6063333.333333333,01,01
2019,37,07,23132,1,20,19,8808,9632,5872000,6100266.666666667,01,01
2019,37,07,23132,1,22,19,18086,12517,13263066.666666666,7927433.333333333,01,01
2019,37,07,23132,1,28,30,6250,7000,5833333.333333333,7000000,01,01
2019,37,07,23132,1,66,59,5857,6143,12885400.000000002,12081233.333333334,01,01
2019,38,02,21130,*,12,13,14100,13450,9400000,9713888.888888888,01,01
2019,38,02,21130,*,7,6,22720,20680,8835555.555555554,6893333.333333333,01,01
2019,38,02,21130,*,7,9,19860,19920,7723333.333333333,9960000,10,10
2019,38,02,21130,*,8,7,13020,13980,5786666.666666667,5436666.666666667,12,12
2019,38,02,23132,1,20,23,11500,12300,7666666.666666667,9430000,01,01
2019,38,02,23132,1,22,16,8420,8090,6174666.666666667,4314666.666666667,12,12
2019,38,02,23132,1,22,20,10370,13630,7604666.666666667,9086666.666666666,01,01
2019,38,02,23132,1,22,28,12753,7829,9352200,7307066.666666667,01,01
2019,38,02,23132,1,25,24,12540,13150,10450000,10520000,01,01
2019,38,02,23132,1,25,28,10130,10340,8441666.666666666,9650666.666666666,01,01
2019,38,02,23132,1,29,27,7880,6284,7617333.333333333,5655600,01,01
2019,38,02,23132,1,37,37,8600,6600,10606666.666666666,8140000,01,01
2019,38,03,21130,*,10,10,11000,12400,6111111.111111111,6888888.888888888,12,12
2019,38,03,21130,*,10,10,14600,15200,8111111.111111112,8444444.444444446,01,01
2019,38,03,21130,*,14,16,13840,13710,10764444.444444444,12186666.666666666,01,01
2019,38,03,23132,1,14,16,16950,16320,7910000,8704000,01,01
2019,38,03,23132,1,22,24,15590,14430,11432666.666666666,11544000,01,01
2019,38,03,23132,1,27,21,8654,10910,7788600,7637000,03,03
2019,38,04,21130,*,13,14,21600,20400,15600000,15866666.666666666,01,01
2019,38,04,21130,*,15,12,15650,19800,13041666.666666666,13200000,01,01
2019,38,04,21130,*,7,7,15100,16600,5872222.222222221,6455555.555555555,01,01
2019,38,04,23132,1,18,18,11100,12300,6660000,7380000,01,01
2019,38,04,23132,1,21,18,11400,12700,7980000,7620000,01,01
2019,38,04,23132,1,22,25,15900,13500,11660000,11250000,01,01
2019,38,04,23132,1,28,30,5762,5340,5377866.666666667,5340000,02,02
2019,38,05,21130,*,10,10,10000,9950,5555555.555555556,5527777.777777777,12,12
2019,38,05,21130,*,10,10,9100,9900,5055555.555555556,5500000,12,12
2019,38,05,21130,*,14,12,13200,12240,10266666.666666666,8160000,01,02
2019,38,05,21130,*,7,8,16510,17250,6420555.555555555,7666666.666666667,09,09
2019,38,05,21130,*,9,10,15900,16700,7950000,9277777.777777778,03,03
2019,38,05,23132,1,23,21,8500,9200,6516666.666666667,6440000,12,12
2019,38,05,23132,1,26,26,9574,9973,8297466.666666665,8643266.666666666,01,01
2019,38,05,23132,1,29,36,9750,8480,9425000,10176000,01,01
2019,38,05,23132,1,35,31,4072,3925,4750666.666666667,4055833.3333333335,12,12
2019,38,05,23132,1,46,43,5220,5050,8004000,7238333.333333333,01,01
2019,38,06,21130,*,10,12,19300,11200,10722222.222222222,7466666.666666667,01,07
2019,38,06,21130,*,11,11,22600,23100,13811111.11111111,14116666.666666666,01,01
2019,38,06,21130,*,11,12,16810,16740,10272777.777777778,11160000,01,01
2019,38,06,21130,*,11,9,20700,21500,12650000,10750000,01,01
2019,38,06,21130,*,16,14,13460,14100,11964444.444444446,10966666.666666666,01,01
2019,38,06,21130,*,17,15,12450,11850,11758333.333333334,9875000,04,04
2019,38,06,21130,*,7,8,19425,20952,7554166.666666667,9312000,01,01
2019,38,06,23132,1,17,16,15100,12800,8556666.666666666,6826666.666666667,01,01
2019,38,06,23132,1,19,19,13700,13200,8676666.666666666,8360000,01,01
2019,38,06,23132,1,24,25,11700,12850,9360000,10708333.333333334,01,01
2019,38,06,23132,1,26,27,9860,9640,8545333.333333334,8676000,01,01
2019,38,06,23132,1,27,25,10560,11200,9504000,9333333.333333334,01,01
2019,38,06,23132,1,33,31,4642,4155,5106200,4293500,12,12
2019,38,06,23132,1,33,32,4650,5300,5115000,5653333.333333333,04,04
2019,38,06,23132,1,42,33,6922,7588,9690800,8346799.999999999,01,01
2019,38,07,21130,*,11,11,18100,17900,11061111.11111111,10938888.88888889,01,01
2019,38,07,21130,*,12,11,17690,18960,11793333.333333334,11586666.666666666,01,01
2019,38,07,21130,*,12,13,8200,9100,5466666.666666667,6572222.222222223,10,10
2019,38,07,21130,*,16,17,13600,16900,12088888.888888888,15961111.11111111,01,01
2019,38,07,21130,*,7,8,11420,11350,4441111.111111111,5044444.444444445,07,07
2019,38,07,23132,1,20,17,8700,11700,5800000,6630000,01,01
2019,38,07,23132,1,22,20,9660,11660,7084000,7773333.333333333,01,01
2019,38,07,23132,1,23,25,17715,17560,13581500,14633333.333333334,01,01
2019,38,07,23132,1,41,36,3020,3950,4127333.3333333335,4740000,04,04
2019,38,07,23132,1,44,42,7000,7652,10266666.666666666,10712800,01,01
